No.,Campaign,oracle_campaign,Overall Confidence Flag,Overall Confidence Explanation,Target Type,Concentration of Decision-Making Power,Strength of Opposition,Type of Opposition,Visibility of Harm,Degree of Behaviour Change Required,Role of Policy vs Market vs Cultural Shift,Coalition Size/Type/Non-Obvious Allies,Economic Disruption Required,Speed of Change Achieved,Scale of Change Achieved,Public Sentiment Starting Point,Legal/Regulatory Landscape,Narrative Dominance,Notable Tactics
1,US Cage-Free Corporate Campaign (2015–2016),US cage-free corporate campaign (2015-2016),High-Medium,"13 of 15 entries sit at High confidence, two at Medium. Source diversity spans SEC regulatory filings, two independent long-form journalism pieces (Fortune ×2, Washington Post), an NGO self-report, an ACE-hosted accomplishments document, a government research service report, a trade-press piece, and a funder retrospective — a genuinely diverse set. The one structural gap (no contemporaneous Phase 2 coalition coordination artifact) is explicitly acknowledged and flagged, not papered over. The case is fully resolved within the window.",High,High,High,High,High,High,High,Medium,High,High,High,Medium,High,High,High
2,Better Chicken Commitment Europe (2017–2026),Better Chicken Commitment Europe (2017–2026),High-Medium,"overall, with caveats. The majority of variables are coded at High confidence from verified primary sources including the official ECC commitment documents, the industry's own commissioned economic study, two independent outcome tracking reports, and a peer-reviewed life-cycle assessment. The five Medium confidence codings cluster around two structural limitations: first, Source 11 carrying the evidential load for several regulatory and institutional developments (EFSA 2023, legal complaint, UK judicial review) that lack dedicated locked sources; and second, the absence of pre-campaign public sentiment data specific to broiler welfare. The campaign's ongoing status means all outcome codings (Variables 10 and 11) are provisional and will require revision at window close. Source 8's status as a commissioned industry document is the most significant source quality flag; it is partially offset by its methodological transparency and named authorship, and by Source 10 providing independent peer-reviewed corroboration of the economic scale of change required.",High,High,High,High,High,High,High,High,High,High,High,Medium,High,Medium,Medium
3,SeaWorld / Anti-Captivity Post-Blackfish (2013+),SeaWorld/Anti-captivity post-Blackfish (2013-2016),High,"Thirteen of fifteen substantive entries (including all Notable Tactics) are at High confidence with multi-source corroboration. Variable 9 is Medium for a clearly stated structural reason. Variable 12 is now High confidence following the addition of the July 2012 ORC poll — a pre-campaign nationally representative baseline that directly evidences the public sentiment starting point. Source diversity spans peer-reviewed academic (three sources), official government record (one), legal organisational record (one), and detailed campaign-account sources (two), with strong cross-source corroboration on every variable.",High,High,High,High,High,High,High,High,Medium,High,High,High,High,High,High
4,Mexico Constitutional Animal Protection Reform (2024),Mexico constitutional animal protection reform (2021-2024),High-Medium,"11 of 14 substantive variables sit at High confidence, with three at Medium and one genuine structural gap (Public sentiment). Source diversity spans NGO self-report, official government record, independent national media, and two distinct peer-reviewed academic sources — satisfying the diversity requirement across all four mandated categories. The case is formally resolved (constitutional passage achieved, unanimous at every stage), though the pending General Law represents an important caveat captured below rather than treated as an open/unresolved coding.",High,High,Medium,High,Medium,High,High,High,High,High,High,Medium-High,High,Medium,High
5,Sinergia Animal Global South (2018–present),Sinergia Animal Global South cage-free corporate campaign (2018–present),High-Medium,"10 of 14 substantive variables sit at High confidence, three at Medium, and one genuine structural gap (Public sentiment). Source diversity spans the campaign's own founder interview, an independent charity evaluator's multi-year review, direct NGO investigative documentation, independent research-summary organisations (Faunalytics, twice, summarizing two different primary studies), and a campaign-actor op-ed in an independent outlet — covering NGO self-report, independent evaluation, and investigative/monitoring categories, though not full investigative journalism from a non-animal-welfare-focused outlet. The Mixed/Unresolved codings (#10, #11) are appropriate and clearly flagged, reflecting this is a genuinely ongoing campaign with partial, unevenly verified progress as of the most recent available evidence.",High,High,Medium,High,High,Medium,High,High,High,High,High,High,High,Medium,High
6,UK Live Export Ban (2017–2024),UK live export ban Animal Welfare (Livestock Exports) Act (2017–2024),High,"All 15 variables including all five Notable Tactics are at High confidence. Source diversity is strong — official parliamentary transcripts (two), independent government expert committee opinion, peer-reviewed academic analysis, government consultation records, parliamentary petition record, campaign actor primary sources, trade press opposition coverage, and independent parliamentary library briefings (two). The case resolved cleanly within the window, no Mixed/Unresolved coding was needed, and no Phase 1 exceptions were required for variable coding.",High,High,High,High,High,High,High,High,High,High,High,High,High,High,High
7,New Zealand Live Export Ban (2019–2026),New Zealand live export ban (2019–2026),High,"Thirteen of fourteen substantive variables (Variable 12 excluded) are coded, with 11 at High confidence and two at Medium. The case has an unusually strong primary government source set (MPI RIS, Animal Welfare Amendment Bill, Beehive announcement, Hansard) that directly evidences the policy mechanism, economic disruption, speed, and legislative landscape variables. The campaign-actor source set (SAFE, SPCA) is rich but requires acknowledgment that these are advocacy-organisation accounts; they are corroborated where possible by independent sources. The absence of academic literature on this specific campaign is a structural gap inherent to a recently resolved case, not a research failure.",High,High,High,High,High,High,High,Medium,High,High,High,Insufficient,High,High,Medium
8,UK Foie Gras Import Ban (2021–present),UK foie gras import ban campaign (2021–present),High-Medium,"The structural challenge is that this is an ongoing campaign with no academic literature and single-actor dominance in the source set. The legal, political, and opposition landscape variables are well-evidenced from independent sources (Hansard, Connexion France, Food Manufacture). The campaign mechanics variables are adequately evidenced from primary campaign sources. The June 2026 Food Manufacture source substantially strengthens this profile by providing an independent account of the most recent development at the moment of coding.",High,High,High,High,Medium,High,High,High,High,High,High,Medium,High,Medium,High
9,Australian Marriage Equality Postal Survey (2017),Australian marriage equality postal survey (2017),High,"Thirteen of fifteen substantive entries are at High confidence. Variable 8 and Notable Tactic 15a are Medium for clearly stated reasons. The case has an unusually short four-month window, which means the source set is necessarily concentrated — the NationBuilder account, three ABS documents, and the OECD/OPSI case study together provide comprehensive coverage of the campaign's mechanics, scale, and speed. The pre-campaign public sentiment baseline is the best-evidenced Variable 12 of any case in this dataset, with convergent longitudinal and cross-sectional polling evidence from before the window opened.",High,High,High,High,High,High,High,Medium,High,High,High,High,High,High,Medium
10,Australian Plain Packaging Tobacco (2011),Australian plain packaging tobacco (2010-2012),High-Medium,"Eleven of fourteen substantive variables sit at High confidence with multi-source corroboration; three at Medium, all for the same structural reason — the locked source set is strong on the legislative and contestation record but thinner on quantitative public sentiment data and detailed coalition composition. Liberman's dominance across all variables is a concentration risk that would ideally be addressed by adding a second broad-context in-window source in a future source review.",High,High,High,High,High,High,High,Medium,Medium,High,High,High,High,High,High
11,#MeToo / Workplace Harassment Norm Shift (2017+),#MeToo / workplace harassment norm shift (2017+),Medium-High,"Roughly 7 of 14 substantive variables sit at High confidence, with the remainder Medium and three at Low/Insufficient. The 6-source locked set is thin relative to other cases (e.g. Case 1), source diversity is reasonable (media, NGO letter, federal agency, statute, Senate testimony) but opposition-side and baseline-sentiment evidence is genuinely absent rather than just under-cited. The Mixed/Unresolved codings for Speed and Scale of change are appropriate given the campaign is ongoing and ought to be flagged to anyone using this case for matching.",Medium,Medium,Low,Medium,High,Medium,High,High,Low,Medium,Medium,High,Medium,Medium,High
12,Leaded Petrol Global Phase-Out (completed 2021),Leaded petrol global phase-out (2002-2021),High-Medium,"11 of 14 substantive variables sit at High confidence, source diversity spans UN agencies, World Bank, US government (DOJ, EPA), and primary press releases, and the campaign is fully resolved (no Mixed/Unresolved codings needed). The single gap (#12) is a genuine absence rather than a sourcing failure, and three sources remain under-leveraged — worth a targeted re-check before this case is finalised, but not a confidence-lowering issue on its own.",High,High,Medium,High,High,High,High,High,Medium,High,High,Insufficient,Medium,Medium,High
13,Rana Plaza / Bangladesh Accord Origin (2013),Rana Plaza / Bangladesh Accord origin (2013-2018),High-Medium,"Fourteen of 15 variables are coded at High or Medium confidence; no variable reaches Insufficient. Source diversity spans the primary legal text, global trade unions, an NGO petition coalition, a US labour federation, a faith-based investor coalition, and peer-reviewed academic legal analysis — covering four distinct source categories. The case resolved into a documented successor agreement, providing clean outcome documentation for Variables 10 and 11. The only structural limitation is Variable 12, where available sources provide a proxy rather than a direct pre-campaign measurement of Bangladesh-specific public sentiment.",High,High,Medium,High,High,High,High,High,High,High,High,Medium,High,Medium,High
14,"Black Lives Matter / Policing Reform (2020, contested win)",Black Lives Matter — policing reform (2020-present),High,"13 of 14 substantive variables sit at High confidence, one at Medium, and one genuine structural gap (Public sentiment). Source diversity spans contemporaneous local journalism, the campaign's own primary policy platform, AP wire reporting, an independent charity evaluator, two ideologically distinct national outlets covering the opposition directly, peer-reviewed empirical research, and independent local journalism on the flagship reversal — covering all four required categories. The Mixed/Unresolved codings for Speed and Scale of change are appropriate and well-evidenced; this case's defining structural feature — rapid initial local wins set against a well-organised, ultimately effective opposition counter-mobilisation — is unusually clearly documented for an ongoing, contested case.",High,High,High,High,High,High,High,High,High,High,High,High,High,Medium,High
15,UK Single-Use Plastics Ban (2018–2020),"UK single-use plastics ban — straws, stirrers, and cotton buds (2018–2020)",High,"14 of 15 variable entries at High confidence; Variable 8 (Coalition) at Medium. Source set spans primary government documents (GOV.UK consultation, Gove confirmation, Eustice commencement), independent polling (Ipsos/KCL, YouGov), campaign-actor sources (SAS, MCS, Fidra), sustainability consultancy analysis (Sancroft) and a research-alliance analysis (Rapid Transition Alliance). Phase 1 exception (Ellen MacArthur Foundation, 2016) used narrowly for Variables 13 and 14 only. Main caveat: coalition coordination mechanics (Variable 8) rely partly on inference from government press releases quoting allies rather than independent coalition documentation.",High,High,High,High,High,High,High,Medium,High,High,High,High,High,High,High
16,Every Australian Counts / NDIS (2011–2013),Every Australian Counts NDIS campaign (2011–2013),High-Medium,"12 of 14 substantive variables sit at High confidence, two at Medium, and one genuine structural gap (Public sentiment). Source diversity spans a government-commissioned inquiry, the campaign's own primary framing documents, an independent professional-services economic report, peer-reviewed-adjacent academic commentary, a ministerial parliamentary speech, a 268-page Senate Committee report with cross-party membership and a dissenting Greens section, independent journalism, an individual citizen's own formal submission, and a sector-specific peak body's submission — covering all four required source categories with unusual depth for a single-country legislative-origin case. The campaign resolved cleanly within the window (legislation passed, IGA signed), so no Mixed/Unresolved coding was needed anywhere.",High,High,High,High,High,High,High,High,Medium,High,High,Medium,High,Medium,High
17,Australian Mandatory Detention Campaign (1992–present),Australian mandatory detention campaign (1992–present),High,"Thirteen of fifteen substantive entries including all five Notable Tactics are at High confidence. Variable 8 is Medium. The source set spans peer-reviewed academic (Sources 3, 2), government inquiry (Source 4), parliamentary record (Source 10), international human rights (Source 9), legal academic (Source 8), Parliamentary Library synthesis (Source 11), institutional history (Sources 1, 12), and campaign-actor primary documents (Sources 5, 6, 7) — covering all four required source categories. The advocacy-actor source concentration in campaign mechanics variables is the primary structural caveat, clearly flagged.",High,High,High,High,High,High,High,Medium,High,High,High,High,High,High,High
18,"#EndSARS Nigeria (2017–2020, contested win)",#EndSARS Nigeria police brutality,High-Medium,"The majority of variables are coded at High confidence from multiple verified primary sources including three contemporaneous Amnesty International reports, two Al Jazeera pieces, an Afrobarometer survey drawing on January–February 2020 fieldwork, and dedicated social media analysis from LSE. Phase 1 exceptions are used narrowly for two variables only. The four Medium confidence codings reflect genuine evidentiary gaps rather than source weakness. The case is unusually well-evidenced at the tactic level (Variable 15) given extensive contemporaneous reporting on the Feminist Coalition, cryptocurrency fundraising, and social media coordination. No variables are marked Insufficient evidence.",High,High,High,High,High,High,High,High,Medium,High,High,Medium,High,Medium,Medium
19,Brazil MST Narrative Reframe (2010s–present),Brazil MST — narrative reframe around organic food (2010s–present),High-Medium,"Ten of 15 variables are at High confidence; three are at Medium with clearly stated structural reasons; two are Mixed/Unresolved per the open campaign protocol. Source diversity spans peer-reviewed academic (Sources 2, 3), independent long-form investigative journalism (Source 9), specialist features (Sources 8, 11), NGO and international coalition reporting (Sources 4, 5, 10), movement-adjacent documentation (Sources 1, 6), and independent Brazilian press (Source 7). All 11 locked sources contribute variable-level coding evidence. The three errors identified in the prior coding are fully corrected: the fabricated ""5 million families"" COVID figure is replaced with the sourced 6,000–7,000 tonnes confirmed across four sources; the understated ""400,000+"" membership figure is replaced with the sourced characterisation of up to 2 million people; claims attributed to Source 9 are now fully verified from the live-fetched article text.",High,High,High,High,High,Medium,High,High,Medium,Mixed,Mixed,Medium,High,High,High
20,Greenpeace Detox My Fashion (2011–2021),Greenpeace Detox My Fashion campaign (2011–2021),High-Medium,"Ten of fourteen substantive variables sit at High confidence, four at Medium, and no variables are coded Insufficient. Source diversity is strong across all four required categories: campaign primary documentation (Sources 1, 6, 9, 10, 11), independent academic peer-reviewed research (Sources 2, 3), independent technical expert body (Source 8), and independent database/trade press (Sources 5, 7). The campaign resolved cleanly within the window — ZDHC established, 80+ brands committed, Source 11 provides a defined closing statement — so no Mixed/Unresolved coding was required. The four Medium-confidence codings each reflect genuine evidential limitations (no opposition-side source, no coalition map, no cost quantification, no pre-campaign polling) rather than ambiguity about the underlying variable.",High,High,Medium,High,High,High,High,Medium,Medium,High,High,Medium,High,High,High